岗位名称,技能词1,特征值1,技能词2,特征值2,技能词3,特征值3,技能词4,特征值4,技能词5,特征值5,技能词6,特征值6,技能词7,特征值7,技能词8,特征值8,技能词9,特征值9,技能词10,特征值10
3D设计师,美术功底,90.62351760316997,设计功底,49.716539908373896,怪物的动作,45.85592036039367,镜头感觉,43.64670071502636,手绘板绘制4,40.70882725871682,基础动画运动规律2,39.06402359089097,c4d,37.29111886466502,审美力,34.70819781598404,手绘板绘制,34.579994895774874,造型功底,30.64114369163938
3D设计师/3D建模师,美术基础,39.20194800424349,三维软件操作,29.478805945967338,相关软件,22.416503341758073,动画贴图,21.05628996140524,人体解剖结构,16.05113691180335,造型功底,15.822517231477352,构建工具,13.6550355206149,材质球编辑,12.633773976843147,设计功底,12.175479161234422,动画特效4,11.791522378386937
AI开发工程师,caffe,61.687276623659464,负责产品有强烈的责任心,55.81938637078536,yolo算法,51.26748860168234,数据结构,42.405901685961595,pillow,35.88724202117764,深度学习算法,35.802757680518866,swift,35.529916414017904,bert,30.461432810832928,opencv开发经验,29.478805945967345,分布式系统原理,27.9860722211935
AI数据工程师,组合分析,29.478805945967352,语言学,25.793955202721435,逻辑回归,16.695158968034878,自然语言生成,16.057595335136998,数据结构功底,14.02780153753008,数据挖掘算法,13.634906741744407,决策力,13.546022951443115,深度神经网络模型,13.148381186992102,大规模数据挖掘,10.05337252631249,机器学习,3.026445910492662
Android客户端开发工程师,android,149.22726905755323,swift,92.56870897992796,数据结构,84.2817550816866,代码结构,53.07832113640405,ios基础功能开发,48.910403455980074,java语言,48.620835695710404,usb,46.67477608111498,面向对象的设计思想,38.6027745621321,设计模式,37.25048736450028,编写应用文档,36.34174215573919
BD经理/业务拓展员,美妆产品使用,88.43641783790203,核心功能成分,76.32905111009401,单品的初衷,60.53683363904008,商务谈判,35.179565865165486,方式5,33.690063938248386,市场开拓,32.703967533271104,英语听,32.49561094452331,文字编写,29.47880594596736,执业律,29.47880594596734,运营分析,29.47880594596734
BI工程师,三层网络协议,24.119023046700566,数据模型设计方法,23.95168748404448,服务器,23.06749730713587,态度积极主动,22.109104459475518,系统接口知识,19.652537297311564,图形硬件架构,16.964882546054156,officeword,16.079348697800377,网络维护,15.39999210542687,故障处理,14.90036273582261,英文沟通,13.873574918336173
CAD设计师/CAD制图师,愿意往技术,14.739402972983678,工作方向发展,0.0,,,,,,,,,,,,,,,,
CTA/临床试验助理,时间管理推,30.324470535493948,信息化设备,21.056289961405255,口头表达流利,13.101691531541052,ppt操作,4.130192209136616,offic办公软件,2.1946693510237254,服务意识足,1.5795229096261814,高度额责任心,1.553840323171338,抗压性,1.4867371762586832,语言表达,0.0,文字功底,0.0
ERP实施顾问,行业销售,24.09248458681111,财务管理流程,18.287755788652866,文档撰写,17.110198103767868,品德端正,9.864229067180522,ppt操作,5.506922945515486,服务意识足,3.6855534557944236,高度额责任心,1.8799549588986562,极富团队合作精神,0.0,抗压性,0.0,,
HRBP,人力资源管理专业知识,78.80376419327195,同理心,41.76687164121175,商务谈判,33.50434844301475,学习反思,29.478805945967345,人力资源日常管理工作流程,29.478805945967345,人力资源相关,29.478805945967345,职业期待,27.37317694982682,决策力,23.221753631045342,法律专业知识,19.940386018995056,业务思维,19.690531841881608
Python开发工程师,python程序,82.60827205759077,tornado,70.04140896884107,scrapy,48.25399782822036,numpy,44.78043057893259,scipy,42.81445625485734,数据结构,41.08480234716379,ruby,37.51276533432895,pandas,34.76767643419462,bash,30.478361712085444,linux操作命令4,28.037796600899984
QA/质量保证工程师,职业道德,4.774518607845292,工作责任心,3.101599765035147,解决问题的意识,1.873604561163214,组织协调力,1.291329557272584,,,,,,,,,,,,
QC/质量控制工程师,高分子材料,19.02173095962101,合同管理专业知识,9.83593750043674,网络知识,8.098754120261367,高度额责任心,2.417084947155415,,,,,,,,,,,,
SEM/搜索引擎营销员,创造力,2.039040425556948,ppt操作,1.5488220784262305,高度额责任心,0.0,,,,,,,,,,,,,,
UI设计师,美术功底,120.53766947866082,illustrator,110.76284666846476,视觉设计,98.65337803910847,sketch设计工具,88.43641783790204,专业美术基础,88.43641783790204,审美力,82.34547323955789,figma,71.40801567602321,产品交互,67.77872629593531,美术类开发软件,66.91194386769577,流程设计工具,62.52391542441979
iOS客户端开发工程师,swift,129.45567081253682,代码结构,90.25379897513062,ios基础功能开发,48.910403455980074,产品需求,43.1829715229245,数据结构,42.31970030413062,架构设计,22.978977740103115,命名规范,22.52564968939173,设计功底,19.567734366269605,个人开发,18.95066096526472,相关算法,18.566979993652087
临床监查员/CRA,国家药物临床试验管理规,29.478805945967355,药品临床研究项目管理,21.056289961405255,整个流程,16.845031969124204,临床试验经验,13.021707173248544,理解力,10.53459536373912,临床项目管理,10.151807577475312,时间管理推,9.747151243551626,口头表达,7.314879325859207,表达沟通,4.992728572070245,逻辑性,2.766072448665063
买手,周边山区26县,29.478805945967352,数据收集分析,29.47880594596735,工作积极性,16.146360109347828,运营的思路,13.153132767888708,高敏感度,9.961638466665294,工作的统筹规划4,9.826268648655786,市场敏锐度,7.471910946951133,创业精神,6.433237999652427,数据变化敏感度,5.036797563670863,文字功底,4.0508693696791624
二手车评估师,普通话标准,3.7918948811991573,,,,,,,,,,,,,,,,,,
交互设计师,交互设计方法,54.044477567606826,用户体验原则2,53.85901399422154,设计知识,29.47880594596734,服务设计意识,29.47880594596734,移动端用户体验,29.47880594596734,图标设计,24.565671621639453,技巧3,24.565671621639453,行业视野,23.583044756773873,用户同理心,20.25904305655961,交互理论,19.652537297311564
产后康复师,康复证书,29.47880594596734,,,,,,,,,,,,,,,,,,
产品运营,互联网游戏,58.9576118919347,客户视角,49.13134324327891,组织沟通,42.93556489782099,互联网运营实习经验,42.80819912003298,合规意识,42.49209906332919,主动沟通,39.239501091699324,书面沟通,37.69520628544493,文案功底,36.729128423147785,游戏经验,32.60027346557286,可转换资源,29.478805945967352
人力资源经理/人力资源主管/人力资源专员/人力资源助理/人力资源总监/人力资源VP/CHO,语言沟通,21.189344815648727,纪律性,5.022604175151269,逻辑思考力,1.797868796614639,高度额责任心,1.359610282774921,服务意识足,0.3455206364807272,,,,,,,,,,
仓储运营专员,系统逻辑,58.95761189193471,英文读写,18.216040337716127,沟通交互,7.3869419087037045,创新精神,5.971593428305592,协调沟通,4.003748843841181,自驱动力,3.282941101048584,offic办公软件,2.560447576194346,高度额责任心,1.2085424735777075,逻辑思考力,1.027353598065508,抗压性,0.5946948705034731
仓库文员,沟通反馈意识,37.532621728064136,文字编辑,35.348139487913286,公文写作格式,29.478805945967363,办公室行政工作流程,29.47880594596736,单cad,29.47880594596735,中专及以上2,29.47880594596735,人际洞察力,28.61678948834953,室行政管理知识,20.98198265428597,高160cm,20.334786942577,offic办公软件,16.42953861391372
仓库管理员,积极进取,17.19935623026428,数字敏感性,11.347549504089569,仓库管理知识,9.826268648655786,财务知识,6.021024487172782,高度额责任心,2.6185086927517,offic办公软件,2.560447576194346,协调沟通,0.0,电脑操作即,0.0,,,,
企业文化管理员,文件管理,29.478805945967345,脚本撰写,27.37317694982682,爱剪辑,18.921672644493746,视频制作软件,17.15103923730606,沟通协调意愿,12.792214669230157,沟通协作,12.768800621882582,积极的心态,10.154278240767828,正形象气质,8.193940392660826,平面设计用软件,6.453444074229016,自媒体,5.838816863679607
传菜员/服务员/配菜打荷员/送餐员,17-30周岁,19.10578885773247,170cm,9.442023060347287,160cm,6.854151015582105,三观正,3.7757812497037064,普通话标准,2.2751369287194945,身材好,2.142039716104695,服务意识足,1.105666036738327,团队意识,0.6959657288654367,语言表达,0.0,,
供应链管理员,自律性5,117.91522378386941,基础统计,29.47880594596735,主动沟通,26.159667394466215,绪控制力,25.79395520272143,沟通表达理,20.943017767715226,勇于尝试新思路,19.543102743475703,6must,19.53872357013119,开拓进取,19.020447955066686,项目计划,18.739212878491816,事业心,16.57906960339936
保险核保员/保险理赔员,商务谈判,23.453043910110324,电子商务业务销售技巧,4.153109108990412,销售知识,3.68385721584927,语言表达,1.9660118326937353,逻辑思考力,1.6437657569048127,高度额责任心,0.24170849471554146,,,,,,,,
保险精算师,数理统,29.47880594596735,大数据分析,0.0,,,,,,,,,,,,,,,,
信用卡销售,敬业度,10.352646337451779,责任感6,3.141545243337457,抗压性,0.0,,,,,,,,,,,,,,
信贷管理员,性格坚韧,10.305612032785033,商业信誉,10.265306743146855,口齿清晰,9.30139589010216,普通话标准,7.204600274278398,国内外资本市场,3.6040241880009374,进取心,3.536071239900327,承压力,3.532542163853073,事业心,1.6579069603399361,高度额责任心,1.2085424735777075,极富团队合作精神,0.8963889918931952
健康顾问/医美咨询人员,在线沟通工具,29.47880594596735,普通话标准,3.159912400999298,极富团队合作精神,0.24899694219255417,抗压性,0.0,,,,,,,,,,,,
养发师,利润思维,24.0856454128541,普通话标准,3.7918948811991573,学习力,1.8969276378251143,执行力,1.2442735029634069,,,,,,,,,,,,
内容审核,论坛管理,16.257095413785965,英语6级,12.901256141029023,突发事件,5.816261601618197,英语四级通,4.04040470826556,普通话标准,3.7918948811991573,抗压性,0.0,,,,,,,,
内容策划人员,各大投放渠道,29.478805945967352,中英文沟通,27.25686228995259,撰写文章,20.635164162177144,复杂的技术概念,11.791522378386942,技术理解力,10.346781422688803,170cm,9.442023060347287,160cm,6.854151015582105,三观正,3.7757812497037064,身材好,2.142039716104695,执行力,1.2442735029634069
内容运营,知识基础,95.62056652128125,文字编辑功底,90.7736047304341,阅读量大,84.02715000353318,思想成熟,58.33212183013127,非文学类书籍阅读基础,57.372339912768744,宏观思维,49.90287791286171,新媒体,48.44940207887364,文字功底,45.14629612993622,主动意识,40.49982074757298,自驱精神,39.305074594623136
农业管理储备员/农业管理储备干部,强烈成功欲望,164.41997333557273,团队协作意识,124.95121068375411,目标敏感,121.10006062787647,半年以上车间实习经验,117.9152237838694,宏观经济,56.32446916933324,核心胜任力,53.909523755122414,offic办公软件,51.08702544883003,直面困难,46.323837915091545,沟通表达理,45.38506231347159,学生会干部,43.19989380746554
农艺师,组织协调力,1.936994335908876,,,,,,,,,,,,,,,,,,
出版发行员,高度额责任心,0.483416989431083,极富团队合作精神,0.29879633063106503,抗压性,0.0,,,,,,,,,,,,,,
创意策划人员,文案写作,160.0098013960207,阅片量丰富,16.34923550724708,思维活跃,14.26095317444603,创意策划,14.153290248858376,勇于挑战固,13.668154203951644,知识面广,13.135169230370865,细节控,10.71956579853358,设计功底,10.146232634362018,文字功底,6.996956183991281,洞察力,5.899701244582653
前厅经理/酒店经理/酒店管理人/酒店前台,预订资料,21.102519687203312,护士执业资格证,17.883709863901203,操作office,13.600069502423219,以上文化程度,13.426112792653942,头脑灵活,7.377368016057255,服务意识足,6.772204475022253,工作负责,5.597675906610022,普通话标准,4.87529341868463,亲和؜力,2.8124135394528174,化办公软件,2.5909724007993247
前端开发工程师/前端工程师/客户端工程师,物联网,29.478805945967352,基本数据结构,20.837300938142,工作精神,19.65253729731157,windows的消息机制,14.739402972983676,游戏常识,11.019068976809413,面向对象分析,10.531538245091754,开发经验,10.143469931534227,编码风格4,4.913134324327891,解决难题7,4.913134324327891,用户服务意识,4.400115892577658
剪辑师,抖音深度用户,44.21820891895102,各种视频,33.16365668921327,审美风格2,29.47880594596735,短视频玩法,29.47880594596735,摄技巧,29.47880594596735,镜头的把控,27.211205488585247,运镜与转场的处理,24.94360503120314,沟通水平,24.565671621639456,审美力,22.57355278197704,后期制作相关软件,22.10910445947551
动物实验技术员,英语阅读,13.049187455536792,工作负责,2.798837953305011,团队合作精神责任心,0.0,身心健康,0.0,,,,,,,,,,,,
动画设计,mg动画视频的制作,47.87357326347423,匹配分析,44.21820891895102,c4d,35.45564959295075,3d动画制作,35.12743756423761,spine,31.861763259340496,常见物品运动规律,29.47880594596735,审美2,29.47880594596735,文字转化,29.451617651457486,动画基础,27.373176949826824,各类项目脚本,25.65140892223716
包装设计师,主流包装工艺,58.957611891934704,立体设计美学,58.957611891934704,包装视觉设计,52.40676612616418,材质特征,52.40676612616418,印刷流程,45.85592036039366,业法律法规,39.30507459462314,设计基础,35.541146823405555,审美品味,30.26811130860841,互联网快速迭代开发的模式,29.47880594596734,各类设计软件,24.5388235895736
化妆师/化妆师助理,室内设计流程,29.47880594596735,灵敏快捷的人,9.826268648655784,思维灵活,4.720519757410302,,,,,,,,,,,,,,
化工项目经理,英语四级通,4.04040470826556,极富团队合作精神,0.8963889918931952,offic办公软件,0.512089515238869,高度额责任心,0.483416989431083,,,,,,,,,,,,
医务管理,风险防范意识,101.81844780006897,工作态度,50.08079281606987,创新意识,32.57854559662288,1年以上法,29.47880594596735,关系维护,26.2033830630821,英语四级证书,19.07420461314694,文控体系建设,13.399457248166978,课程学习成绩,9.445155038888739,正形象气质,8.193940392660826,英语四级通,7.07070823946473
医学信息沟通专员/医学信息沟通顾问,诚实踏实,58.957611891934704,抗感染药品,28.868694373213167,适应性,24.766591919670372,组织协调力,14.204625129998423,与人沟通,12.666294576263033,外延产品知识,11.243044284136364,业务敏感度,9.061475829133716,道德标准,5.895761189193469,沟通表达理,3.257802763866813,解决问题的意识,2.8104068417448205
医疗器械售后工程师,用户服务意识,4.950130379149865,工作责任心,0.0,,,,,,,,,,,,,,,,
医药代表/医药销售员,职业操,44.57899159775583,工作独立性,24.017491942376516,沟通表达理,5.817504935476451,积极主动,5.302004865097339,人际交往,5.098107911956446,组织协调力,3.873988671817752,与人沟通,3.618941307503724,执行力,2.4885470059268138,语言表达,1.9660118326937353,抗压性,0.4955790587528946
医药项目经理/医药产品经理,商业思维,27.556781143627944,信息搜集,17.448316577215685,业务敏感度,12.944965470191026,分析解决问题,4.347600844290387,化办公软件,2.5909724007993247,抗压性,0.21239102517981195,极富团队合作精神,0.0,,,,,,
单片机工程师,测量仪器,24.565671621639453,模拟电路基础,24.004030422761442,数字滤波器,17.742784757774267,单片机内部结构,17.195970135147615,硬件知识,16.505923972463716,spi,14.809035455144494,电路问题,14.73940297298367,详细设计,13.399457248166975,常用外围电路,10.654550108138874,常用外设,10.425654759342363
发型师/美发学徒,分子生物学技能,11.754999922828352,中英文沟通,0.0,,,,,,,,,,,,,,,,
可靠度工程师,相关性分析,29.47880594596735,数据统计软件,21.05628996140525,面向对象的程序设计,14.056624972436088,minitab,13.935354845414729,hbase,9.8627219068656,算法基础,5.6540328709576455,数据结构,4.221735520061397,机电产品结构原理,4.211257992281051,kafka,3.3136040799553244,php,2.563690767854051
后勤/总务,offic办公软件,2.560447576194346,,,,,,,,,,,,,,,,,,
后期制作,调色软件,22.927960180196827,合成软件,22.3107712241324,color,19.652537297311568,premiere,5.673174575439434,逻辑性,0.0,影视公司影视包装,0.0,,,,,,,,
咖啡师,咸点的制作,29.47880594596735,极富团队合作精神,0.5975926612621302,服务意识足,0.5528330183691633,工作激情,0.0,,,,,,,,,,,,
品牌公关,客户视,24.565671621639456,图片处理,19.809090889141277,英文沟通,15.855514192384197,为人诚信,14.93465056036364,内容写作,14.602767788315834,人际关系敏感度,13.061511224781322,文字功底,12.152608109037487,短视频,10.20461913020204,后期制作,9.44739698520476,沟综合素质,9.444396096225042
品牌推广人员,客户人群,29.47880594596735,运营流程,29.47880594596735,活动方案的策划实施2,23.58304475677388,独立策划,14.435207743282277,西班牙语,13.39559341497918,沟通协作,12.768800621882582,市场营销,11.576511623207448,口齿清晰,9.30139589010216,性格坚韧,7.3611514519893095,英语口语,6.040623206205438
品类运营,产品or运营经验,46.917863863467495,阅读平台运营经验,29.478805945967352,责任感6,0.0,,,,,,,,,,,,,,
售前工程师/售前技术支持/售前客服,云计算相关概念,122.8283581081973,大数据处理,47.278393234210625,形成解决方案,31.389413488499397,产品的软硬件,29.478805945967345,基本的礼仪知识,29.478805945967345,引导客户,23.583044756773877,表达技巧,19.30172395381202,文字基础,18.14599185677109,会通过运营,15.10108130368435,敢于挑战4,11.791522378386938
售后工程师/售后技术支持/售后客服,营养学,29.47880594596735,天猫客服后台操作,29.47880594596735,生活工作习惯,24.512308453405502,道德品质,23.179135111686126,文明礼貌,19.652537297311568,文字基础,18.14599185677109,普通话标准,17.253121709456163,热情耐心,16.337579731044165,语言组织,15.1214578578547,敬业奋斗,14.739402972983674
商务司机,商务谈判,42.21547903819859,性格坚韧,35.09559076099954,普通话标准,30.965226431368272,市场开拓,29.96872661230661,项目公关,29.478805945967363,开发新客户,29.30048561543435,口齿清晰,27.90418767030648,知识学习,27.576210464761438,乐观主动,27.327450580618297,销售意识,25.88507621196941
商务总监/商务经理/商务专员,销售思维,151.50952357549022,商务谈判,135.35756770977957,职业素质,51.934868102289286,出发思考,49.8408666070157,沟通交互,49.24627939135803,进销存系统,41.76164175678708,逻辑性,29.51794455932575,医药专业背景,29.478805945967352,产品发布,27.022238783803406,踏实稳重,26.60047492021544
商品管理员,口齿清晰,50.455513196014955,市场趋势,29.478805945967352,各类新媒体工具,29.478805945967352,普通话标准,25.42800096804141,商品运营管理流程,24.56567162163946,珠宝行业发展趋势,21.04465611551798,文案写作,20.870843660350523,竞品商品运营情况2,19.65253729731157,创新的想法,18.424253716229593,工作负责,17.91256290115207
商家运营,想象力,8.711454279971186,创造力,8.156161702227791,系统分析,2.506728974629248,逻辑思考力,1.027353598065508,抗压性,0.7433685881293416,稳定性,0.0,,,,,,,,
国内电商运营/京东运营/拼多多运营/淘宝运营/天猫运营/阿里巴巴运营,自我激励,7.933202375517691,java语言,4.834152908322953,高度额责任心,0.9064068551832807,,,,,,,,,,,,,,
在线客服,电脑操作word,29.478805945967352,英语八级,29.47880594596735,表达产品卖点,19.652537297311568,新闻编辑,16.845031969124197,危机公关意识,14.739402972983674,普通话标准,13.903614564396909,英文沟通,13.212928493653498,网络聊天工具,9.826268648655786,强烈成功欲望,9.671763137386632,口齿清晰,9.30139589010216
地产招投标人/地产园区招商运营人员,时间管理意识,8.047080581806423,英语四级通,4.04040470826556,责任感6,2.094363495558305,极富团队合作精神,1.2449847109627712,执行力,1.2442735029634069,,,,,,,,,,
地铁安检,三观正,7.551562499407413,身材好,6.426119148314085,无慢性疾病,5.749613078577073,语言表达,1.4745088745203012,高度额责任心,1.2085424735777075,,,,,,,,,,
城市规划设计师/城市规划员,逻辑思考力,2.054707196131016,极富团队合作精神,1.4939816531553254,,,,,,,,,,,,,,,,
基金经理,公募基金行业基本情况,29.478805945967352,会计专业知识,21.313640370705155,表格处理,19.65253729731157,证券投资,10.661923824240285,交易业务,9.826268648655786,分析解决问题,6.762934646673935,化办公软件,6.045602268531758,用户服务意识,4.950130379149865,爱岗敬业,4.7298126632826865,书面表达,1.9832669968107979
备孕顾问,,,,,,,,,,,,,,,,,,,,
大数据算法工程师,数据开发经验,31.169768162400327,创新想象力,25.79395520272143,hbase,24.676143437569614,智能优化,23.95152983109847,深度学习部分算法原理,23.58304475677388,降维算法,23.58304475677388,常用机器学习算法,22.65102722484949,spark,21.389456206322002,机器学习,21.245650291658492,编码量,20.091043676819268
婚礼策划,思考总结,12.995139062896177,努力认真,0.0,,,,,,,,,,,,,,,,
媒介策划人员,热衷种草,21.249665225568528,化妆品重度用户4,21.056289961405255,喜欢研究化妆品成分,18.213998764773024,方案撰写,8.886883223140417,有计划性,8.422515984562102,逻辑性,7.37619319644017,钻研精神,6.639452201413172,ppt操作,5.350476270926978,分配时间6,4.211257992281052,创造力,3.70734622828536
媒介经理/媒介专员,项目组织,29.47880594596735,新媒体的运作规律,26.03091228460248,移动互联网行业,20.653298504629404,沟通谈判,20.23493105660385,媒介市场行情,17.802986925071846,陈述技巧,16.74572960510059,心态乐观积极,14.739402972983674,活泼开朗,13.553031453939102,媒体资源,9.826268648655784,资料收集,8.93155350388303
安全员,170cm,94.42023060347287,160cm,68.99845355685986,三观正,38.512968746977805,攻防技术,29.478805945967352,网络攻击,26.530925351370616,防御手,25.05698505407225,各种攻防技术,23.583044756773884,身材好,22.70562099070977,漏洞利用方法,22.109104459475514,语言沟通,21.189344815648727
宠物医生,数据说话,29.478805945967352,服务意识4,22.92796018019683,组织发展,22.109104459475514,语言考试证书,6.550845765770522,整合内外部资源,6.332605071112188,洞察力,5.899701244582653,为人诚信,4.978216853454547,服务意识足,2.7641650918458174,解决问题的意识,1.4052034208724102,化办公软件,0.2878858223110362
客户代表/大客户代表/客户经理,基本素质,176.87283567580414,敬业务实,176.87283567580408,年轻人,94.33217902709552,市场营销,69.45906973924468,儿童运动装备销售行业经验,58.957611891934725,产品功能,58.957611891934725,晶体行业国内外市场情况,58.9576118919347,品德素质,58.9576118919347,口齿清晰,58.90884063731368,汇报材料,58.07809081056097
家居设计师/室内设计师/精装设计师/软装设计师,趋势4,9.826268648655786,java语言,9.668305816645907,室内设计风格,9.337573176072151,设计功底,6.76415508957468,英文读写,5.692512605536289,ppt操作,2.753461472757743,执行力,0.5530104457615141,抗压性,0.16519301958429822,手绘板绘制,0.0,数据结构,0.0
导演/编导,文字创意,46.260189288721236,文字功底,38.66688358502816,尊重原,29.478805945967345,后期剪辑软件,29.478805945967345,与人沟通,24.174329091195883,职业道德,16.041857849985696,节目前后期制作流程,14.739402972983672,思考分析,13.376946012370755,改变力,12.270229128764338,发散性思维,11.91500121244244
导购,抗压性,0.0,,,,,,,,,,,,,,,,,,
工业设计师,设计分析,29.47880594596736,责任心上进心,29.47880594596736,景观工程设计绘图,29.47880594596736,概念的表达,25.26754795368631,设计相关软件,23.20618678196897,平面软件,22.458902440915818,敢于打破常规,14.477575062196507,追求像素级精神,12.633773976843147,产品设计工具,12.476941781186593,视觉表达,8.631920554071055
工程监理员/工程管理员,知识储备,26.363507296278325,工程项目实施过程,25.793955202721424,专业证书,23.583044756773877,道德品质,23.179135111686126,服务流程,21.441496328190784,net,18.124223453836173,程管理,17.040147561449388,书写分析报,14.73940297298367,python数据分析,14.738229278683297,乐观开朗,11.702844711819933
工程造价/工程预算,语言协调沟通,29.478805945967352,主动负责,13.89845153307738,乐观踏实,9.826268648655786,总结分析,5.286025080522559,数据变化敏感度,5.036797563670863,逻辑思考力,1.7122559967758466,执行力,1.6590313372845427,高度额责任心,1.2085424735777075,语言表达,0.9830059163468676,化办公软件,0.8636574669331086
带货主播,镜头感觉,12.114304653551468,学习力,7.587710551300457,正形象气质,7.023377479423566,亲和؜力,3.5155169243160214,语言组织,2.340225620858466,普通话标准,1.6250978062282104,沟通表达理,0.6648577069115945,,,,,,
平面设计师,活动影像拍摄,120.59511523350275,美术功底,110.26560563922742,平面设计用软件,85.05798634131972,平面设计技,80.21062625293867,illustrator,75.92486908441285,c4d,73.46669143850671,美术基础,59.11404857782749,制图软件,45.65198076293405,主流设计软件,42.49235225308196,设计思路,38.486218873901805
广告策划员/策划经理,文字呈现,21.056289961405255,决策力,3.87029227184089,中英文阅读,1.0097349252873886,,,,,,,,,,,,,,
广告设计师,画面处理,44.218208918951035,社交媒体使用,29.478805945967355,后期制作软件,24.358969975812773,剪辑工作,23.583044756773887,高雅的审美观,19.65253729731157,短视频玩法热点,17.687283567580412,premiere,11.346349150878869,线上运维经验,8.831025165096774,图片素材,8.390604449852034,手绘板绘制,6.450842335986629
广告销售/媒体销售,负责心,57.11637876786258,活动组织,29.478805945967366,电脑基本操作2,23.449505163302405,沟通谈判,11.037235121783917,市场嗅觉灵敏,10.508799619597328,操作系统的基础知识,10.076244023958143,挖掘客户,8.422515984562102,处事灵活度,6.993421416500024,思维敏捷,5.871196919391084,销售力,5.55332622181581
底盘工程师,中英文读写,33.361969406647866,汽车理论知识,32.995334601900495,维绘图设计软件,29.478805945967352,代码生成,26.20338306308209,电机控制,20.361951390824984,创新意识,12.10571702153946,调试器,11.933930331631398,专业知识,9.77339118709817,电子技术知识,7.861014918924629,单片机,7.8408845213892935
建筑工程师/建筑设计师/建筑制图师/建筑绘图师,工程建筑设计知识,29.47880594596735,职业素质,10.598952673936589,效沟通技巧,2.799395643733754,责任感6,2.6927530657178202,创新意识,2.577643168084448,职业素养,2.386764349085943,极富团队合作精神,1.920833554056847,团队协作意识,1.3859025128655826,化办公软件,1.2954862003996623,团队精神6,0.6624327675161468
律师助理,通过司法考试,20.351224414679812,学科教师资格证,11.629312387428222,电脑操作即,8.140743150551268,思维敏捷,6.8497297392895975,与人打交道4,5.895761189193469,逻辑性,5.532144897330126,办公室自动化,3.3078996947751294,效沟通技巧,3.2659615843560466,学上进心,1.5968656988650347,化办公软件,1.5545834404795948
微信开发工程师/小程序开发工程师,语义分割,28.436157265003303,多轴控制器,21.05628996140525,html5css,19.609613086486977,驱动器,16.845031969124197,页面架构,12.553616486996738,ajax,11.339164538118846,英文书面,10.978390501884245,伺服电机,8.849766717044183,mvvm架构,8.395313505732064,电子元器件选型,8.16841642511415
总助/CEO助理/董事长助理,财务方面的知识,26.530925351370612,注重礼仪,22.10910445947551,管理经验,20.39887405932986,商务运作3,18.424253716229593,英语表达,17.112257280519323,语言组织,11.467105542206479,信息检索,9.826268648655786,工作条理性,9.57214575237724,可塑性,8.27878095775114,文字功底,7.426593844411799
房产评估师,安全性评估流程,69.94903837133616,报告撰写&semi,44.21820891895102,报告撰写,8.32557562419246,积极主动,3.9765036488230043,英文读写,0.0,,,,,,,,,,
房地产成本核算员/房地产造价核算员,法律专业知识,8.308494174581273,组织协调力,3.0991909374542015,爱岗敬业,2.837887597969612,极富团队合作精神,0.0,,,,,,,,,,,,
投后管理员,数字化转型,24.302263269086687,另类项目数据管理,23.58304475677388,化办公软件,4.14555584127892,细致踏实,3.445859704658636,python程序,2.5570755413584823,工作负责,1.8658919688700077,ppt操作,1.5488220784262305,高度额责任心,1.2085424735777075,,,,
投资助理/投资顾问,语言沟通,39.35164037191907,投融资相关专业知识,25.79395520272143,各类金融工具,22.10910445947551,展客户提供素材,16.845031969124197,热爱证券金,12.63377397684315,高敏感度,9.961638466665294,证券从业资,9.68418924357385,敏锐的市场判断力,7.369701486491837,积极主动,6.362405838116806,股票软件,4.652725190188557
投资经理,印刷品设计需求,55.68218900904945,研究分析,51.755014257755064,税务师,50.53509590737262,数据获取,40.530809767452176,证券从业资,38.7367569742954,计划执行,34.8593235492815,国内外资本市场,30.700946786674642,从事股权投资事业4,29.47880594596736,业务规则,29.47880594596736,可转债,27.294278184331283
投资经理/融资经理,财务资格证书,28.159977652120723,会计学的基础理论,20.63516416217714,市场敏锐度,17.43445887621931,企图心,11.97020390306591,团队协调合作,8.84364178379021,风险意识,7.49386495591975,逻辑思考力,1.3698047974206775,承压力,0.7065084327706145,,,,
护理,解决问题的意识,0.0,,,,,,,,,,,,,,,,,,
报关员/报检员,170cm,56.65213836208372,160cm,41.12490609349263,各项办公软件操作,27.796903066154755,三观正,22.654687498222238,微生物,16.57100260029682,身材好,12.85223829662817,电子元器件选型,9.529819162633176,逻辑性,4.8406267851638605,学习的意识,3.911134655205225,学上进心,3.1937313977300694
押运员,进取心,4.420089049875409,工作负责,3.198671946634298,语言表达,2.9490177490406024,思维敏捷,2.935598459695542,offic办公软件,1.8288911258531042,用户服务意识,1.41432296547139,团队合作观念,0.0,,,,,,
拓展培训,商务拓展,48.77379938392862,团队合作经验,34.535982278408675,行业意识,29.47880594596736,人际交往技巧,12.830984803349322,商业意识,9.221629340867098,总结沟通,7.36970148649184,效沟通技巧,7.348413564801104,发散性思维,7.301448554426007,沟通表达理,2.3270019741905807,抗压性,1.52052665753729
按摩师,管理潜质,19.97801212457777,思维逻辑性,14.968786280824832,竞争意识,13.645903920950145,凝聚力,13.364011591642111,进取心,8.840178099750817,高度额责任心,0.37407267039309994,执行力,0.0,,,,,,
控制算法工程师,现代控制理论,164.2252368621176,pid,148.56533458030194,车辆运动学理论,93.52100681206726,工程化方法,77.3818656081643,mpc,69.35593429233916,飞行器制导,58.138756171213394,控制理论,53.44588891459108,机器人,41.41101258378288,机器人常用的规划算法,39.65433170118903,动力学,33.322017113072064
插画师,设计过程,58.957611891934704,sai,58.442120781859735,设计基础,41.46467129397315,敏捷的创意思维,32.01760407403426,短视频拍摄,30.501808016330006,acg领,27.022238783803406,创新性的优质设计素材,18.301084809798006,店铺装修,18.140803659056832,c4d,17.848740653173,二次元产品,16.67705494517881
收银员,高度额责任心,1.2085424735777075,职业操,0.0,,,,,,,,,,,,,,,,
数据产品经理,用户洞察,44.42067745753383,产品设计软件,27.743119640781284,用户画像,15.263068966214467,产品设计工具,14.556432078051028,数据思维,12.2585070299878,文档撰写,11.406798735845245,数据挖掘,10.634349992573188,主动沟通意识,8.253262798766327,数据变化敏感度,7.555196345506294,owner意识,5.78698995394199
数据运营/数字化运营,快速适应,65.33762896620013,互联网公司产品数据运营,58.95761189193472,团队协作意识,46.84350493485669,组织沟通,42.93556489782099,思维敏捷,37.67351356609279,可塑性,30.35553017842085,平台投放规则,29.47880594596736,分析处理,23.583044756773887,聪明好学,22.033523549355426,数据变化敏感度,19.027901907201034
文娱运营,心理咨询,5.895761189193467,责任感6,1.8849271460024741,服务意识足,1.105666036738327,,,,,,,,,,,,,,
新媒体运营/新媒体运营助理,文案写作,244.01494712893154,小红书,207.6357274476298,文案功底,207.13159183983623,文字功底,194.46423457443137,文字编辑,180.668268493779,移动互联网行业,178.1346996024286,新媒体运营工作经验,139.77223088079924,知识基础,119.52570815160156,文笔水平,117.91522378386937,账号运营,117.91522378386937
旅游产品开发师/旅游策划师,逻辑思考力,2.054707196131016,团队精神6,0.8280409593951836,高度额责任心,0.6042712367888537,抗压精神,0.0,,,,,,,,,,,,
旅游产品经理,思维清晰,27.65909164881384,,,,,,,,,,,,,,,,,,
旅游顾问,阳光正面积极,16.388630713212688,抗压性,1.1893897410069465,语言表达,0.5898035498081203,普通话标准,0.0,,,,,,,,,,,,
普工/操作工,认真敬业,23.577964611579887,书写流,7.705704845617299,英语口语,6.040623206205438,计算机软件,3.9508401364714345,效沟通技巧,3.4992445546671926,职业素养,3.3414700887203206,英文功底,3.0976264660156287,语言表达,2.5277294991776595,团队精神6,1.6560819187903673,抗压性,1.4867371762586832
服装质量管理员,沟通表达理,2.3270019741905807,,,,,,,,,,,,,,,,,,
服装销售,销售过程,88.43641783790207,判断力,6.644734515488361,极富团队合作精神,0.5975926612621302,抗压性,0.29734743525173657,关键点,0.0,高度额责任心,0.0,,,,,,,,
机器人运营,内容敏捷度,20.59315064198695,管理思维,20.575544756328448,文字功底,3.4721737454392825,产品思维,1.812929167709817,服务意识足,1.5795229096261814,ppt操作,1.5488220784262305,学上进心,1.1406183563321675,逻辑思考力,0.0,,,,
机电技术教师,模块的测试,7.369701486491839,电力系统,7.131986816990092,问题解决,1.8406044350126523,书面沟通,0.0,英语语言,0.0,,,,,,,,,,
材料员,微流控,29.478805945967352,英文期刊论文,25.793955202721435,静电纺丝,25.267547953686304,电池材料制备改性,22.109104459475514,组织工程,16.8450319691242,生物材料相互作用研究,12.633773976843152,独立分析解决问题,11.054552229737755,沟通谈判,9.657580731560927,可食用生物材料研发经验,8.4225159845621,法律专业知识,8.308494174581273
材料工程师,磁控溅射镀膜设备结构,54.764897349253765,材料配方,39.30507459462314,植树苗经验,29.478805945967355,电化学设计,29.478805945967355,材料性能测试,29.478805945967355,包装设计软件,29.478805945967355,微结构材料批量生产,29.478805945967355,热界面材料,29.478805945967355,工艺材料基本常识,29.478805945967355,cms相关工艺,29.478805945967355
校对录入员,责任心稳定性,14.739402972983678,电脑的基本操作,12.860893001524573,执行力,2.4885470059268138,高度额责任心,1.2085424735777075,极富团队合作精神,0.37349541328883135,理解力,0.0,,,,,,,,
核销员,实习生能连,18.75168357220444,服务意识足,0.5528330183691633,创新意识,0.0,,,,,,,,,,,,,,
水产养殖技术员,产品开发程序,16.845031969124204,积极性,14.048581002452321,公司内部项目流程,12.269482768083677,主动性,4.763137749413159,总结分析,2.2654393202239533,高度额责任心,0.8632446239840768,,,,,,,,
汽车电子工程师,嵌入式软件架构设计,29.47880594596736,电磁场原理,15.585557334212046,通过国家四级,13.35945610354579,汽车行业发展的趋势5,10.25209185813959,模拟电路,10.218730368041134,c++语言,8.633742506728696,数字电,6.7225408109819345,处事灵活度,4.795488971314302,英语口语,4.027082137470292,英语阅读,2.899819434563733
汽车设计师/车身设计师/汽车造型设计师/汽车内外饰设计师,专业基础,15.172834785859477,审美力,11.777505799292367,沟通协作,8.512533747921722,工作态度,8.346798802678311,极富团队合作精神,0.49799388438510833,,,,,,,,,,
汽车销售,进取心,3.536071239900327,亲和؜力,2.109310154589613,爱岗敬业,0.9459625326565371,极富团队合作精神,0.5975926612621302,,,,,,,,,,,,
法律风控师,,,,,,,,,,,,,,,,,,,,
法规注册员,公共关系维护意识,22.92796018019682,资料撰写,15.96222972068832,文字撰写功底,13.39020245584775,开拓精神,13.128224221296051,办公软件6,12.374829580865134,适应性,2.7518435466300413,文字功底,2.7005795797861087,英语四级通,2.5252529426659747,沟通表达理,2.3270019741905807,极富团队合作精神,0.6847415910295244
活动运营,营销传播意识,44.218208918951035,活动统,29.478805945967355,洞察3,29.478805945967355,动漫网络社区,29.478805945967355,文笔较为出众,29.478805945967355,擅长数据分析,22.109104459475518,社区版主,22.109104459475518,文字编辑,20.61974803461608,嗅觉敏锐,19.65253729731157,文案功底,17.65326066816786
测试开发工程师,scapy,150.07392117947018,理论基础知识,141.40069415016262,测试工作,128.634789582403,python程序,110.20184031577057,设计方法,97.22393907269422,嵌入式软件性能测试,94.33217902709555,基本测试流程,85.75652638826867,测试文档标准,75.33472630636102,ruby,65.84512282267465,测试的流程,58.95761189193471
海外游戏运营/游戏运营,rpg,58.95761189193469,游戏中各类术语含义,50.53509590737259,工作投入度,42.1125799228105,数据分析报,29.478805945967345,用户运营模式,29.478805945967345,游戏运营的各种情况,29.478805945967345,逻辑推理,26.655662188669687,游戏系统,25.793955202721428,游戏玩法,23.95152983109847,玩家心理,22.184423081556098
海外销售,攫取欲望,59.21991277214143,英语听,31.292069798429853,英文沟通,29.72908911072037,广告赢销,29.47880594596734,贸易操作流程,29.47880594596734,英语俄语,29.47880594596734,从事海外销售,25.2515872625817,书面英语,24.781876672402273,中文口头,24.570831423405288,系统软件类基本知识,24.565671621639453
清算师,数据处理能,29.478805945967352,证券交易基础,27.54001596475287,server,5.442464220925759,用户服务意识,4.950130379149865,数据库查询,4.211257992281052,,,,,,,,,,
游戏场景设计师/游戏角色设计师/游戏动作设计师/游戏界面设计师/游戏特效设计师/游戏设计师/游戏原画设计师,绘画功底,65.32691958104442,想象力,53.043077171380105,手绘板绘制,51.20356104189386,美术基础,48.0512766296912,声学概念,38.32244772975755,主动沟通,36.6235343522527,空间轮廓,33.615263433859745,3d图形软件,31.505561265501726,美术功底,30.679836688573168,3d动画制作,30.075552967271516
游戏客服,英语读写流畅,21.38143307810243,计算机理论基础,19.538163885758607,计算机操作,17.059725594319453,服务意识足,7.371106911588847,普通话标准,3.159912400999298,数据结构,2.1108677600306986,亲和؜力,1.7577584621580107,沟通表达理,1.7452514806429356,抗压性,1.4867371762586832,高度额责任心,1.30925434637585
游戏数值策划师,棋牌行业环境,29.478805945967366,数值敏感性,26.53092535137063,反推过市面arpg,26.2033830630821,经典概率论,24.12965277029653,深度体验过bingo,23.583044756773894,总结归纳,21.05628996140524,总结游戏规则,19.76993594971352,1款数据搭建工具,19.65253729731158,游戏策划,17.68728356758042,slots,17.68728356758042
游戏测试工程师,测试思维,57.25151315936319,操作系统(windows,36.84850743245918,版本管理流程,29.478805945967345,理论基础知识,27.3623939401156,游戏经历,26.530925351370612,linus服务器,25.267547953686297,go语言,24.11902304670055,射击类游戏,23.94755543945186,游戏各种玩法,22.888338363844834,沟通协作,22.34540108829452
漫画师,赛璐璐画法,41.76164175678709,彩修正,24.565671621639467,数位屏,14.739402972983678,手绘板绘制,9.676263503979943,团队精神6,3.3121638375807345,快速适应,0.9899640752454564,漫画创作流程,0.0,sai,0.0,幽默风趣,0.0,,
漫画设计师/插画设计师/手绘设计师,美术基础,11.822809715565498,手绘板绘制,8.869908211981613,创造力,6.117121276670844,想象力,2.9038180933237285,沟通积极,1.8592152661528183,团队精神6,0.0,,,,,,,,
烘培师/面点师,逻辑思考力,2.054707196131016,服务意识足,1.3820825459229087,抗压性,0.0,,,,,,,,,,,,,,
物业管理员,合同签订,29.478805945967355,营业场所管理,26.203383063082093,初级账务管理,22.927960180196834,绿化卫生管理,19.65253729731157,基建管理,16.37711441442631,招商管理,13.101691531541046,计算机操作,11.373150396212969,主动服务意识,11.169576850966019,原价管理,9.826268648655786,人际关系敏感度,8.707674149854215
珠宝销售,语言沟通,21.189344815648727,服务意识足,0.6910412729614543,高度额责任心,0.6042712367888537,极富团队合作精神,0.0,,,,,,,,,,,,
班主任/辅导员,表达沟通,19.97091428828098,语言沟通,10.594672407824364,普通话标准,2.843921160899368,高度额责任心,1.2085424735777075,极富团队合作精神,0.7469908265776627,团队意识,0.0,抗压性,0.0,,,,,,
理财顾问/理财销售,符合中欧基金,13.257475779664988,乐观开朗,13.165700300797425,口齿清晰,9.30139589010216,承压力,3.0278932833026344,事业心,0.7894795049237793,高度额责任心,0.6042712367888537,创新意识,0.0,,,,,,
瑜伽老师,二级甲,22.109104459475514,感染力,6.039322056087598,普通话标准,3.7918948811991573,亲和؜力,0.8788792310790053,责任感6,0.0,,,,,,,,,,
生产计划管理师/生产跟单员,服装的生产流程,20.2431584856136,化办公软件,1.9432293005994934,,,,,,,,,,,,,,,,
生物制药工程师/生物医药工程师,细菌的分离,28.055760085115033,生化鉴定,24.56567162163946,可服从外派,20.53927425632708,活菌计数,19.65253729731157,染色实验,14.739402972983676,分析解决问题,7.608301477508176,工作负责,2.798837953305011,学习的意识,2.1728525862251256,高度额责任心,0.2014237455962844,表达沟通,0.0
生物技术员,基本实验操作,47.624743518343664,盲色弱,29.478805945967355,检验工证书,29.478805945967355,高压灭菌锅操作证书,24.565671621639463,综合协调,20.955007988926234,透气透湿防紫外线,19.65253729731157,生产工艺流程,18.409266324049963,压力测试,18.115488515432244,生产线作业流程,17.687283567580412,微生物基础知识,12.89999886750353
用户研究专员/用户研究经理/用户研究总监,主动解决问题,63.05033073072395,口头表达,38.15189838290305,sas,36.24553185629166,竞品分析,35.37456713516081,市场研究技术,34.59837220325886,医疗市场,29.478805945967363,文字功力,29.478805945967363,研项目的方案设计,29.47880594596735,社科研究方法论,29.47880594596735,基础研究分析方法,29.47880594596735
用户运营,用户运营,91.05066041017083,互联网事物高度敏感,35.633721473147354,商业意识,30.654317314420847,产品运营工作经验,29.478805945967352,用户运营经验,29.478805945967352,youtube,29.47880594596734,instagram,26.20338306308209,利用策略,24.56567162163946,用户需求,24.397424867119867,tiktok,22.92796018019683
电商产品经理,流程设计工具,17.367754284561055,设计产品功能,14.739402972983676,交互体验,9.826268648655786,产品设计,9.646525520842332,axcure,9.104775641572902,思维灵活,7.670844605791739,创造性解决问题5,7.369701486491838,需求文档,4.913134324327891,逻辑思考力,2.910835194518939,沟通表达理,1.1635009870952904
电商顾问/电商客服,网络平台,88.43641783790204,基础护肤化妆知识,88.43641783790204,计算机操作3,88.43641783790204,社交控,88.43641783790204,热衷网购,75.8026438610589,新媒体平台,66.32731337842652,平台规则,65.30577917925213,以上文化程度,53.70445117061577,海空运出口业务知识,46.93932946780954,客户关系4,37.90132193052945
电路设计工程师,仿真工具,35.76069081484939,电性能,26.530925351370616,模拟集成电路设计知识,26.20338306308209,计算机4,25.212611607889976,vcs,25.003009483758056,电子产品设计开发流程,24.56567162163946,后端设计工具,24.56567162163946,硬件原理,24.45428395380744,无线射频电路设计,21.260021612441033,版图设计,17.38793565538297
直播运营,珠宝行业发展趋势,63.13396834655394,业务分析,61.25736668201978,直播方式,58.9576118919347,与粉丝聊天互动,43.23558205408544,推销产品,42.6855028574692,正形象气质,34.14141830275344,灵活度,29.47880594596735,表现欲,28.32823483538798,销售力,25.91552236847378,镜头感觉,16.96002651497206
知识产权律师,理解知识产权英文文献,29.478805945967352,英语成绩,29.478805945967352,知识产权法,20.468905300080742,学习欲,17.687283567580412,细心逻辑,14.739402972983676,论文发,14.37594115136095,合同法,14.139146674840392,心思缜密,11.791522378386942,英文读写,11.385025211072579,书面文字表达,11.054552229737759
短视频策划人员,策划经验,29.47880594596734,沟通学习,15.537258729878982,成功孵化经验,14.73940297298367,高度额责任心,2.719220565549842,化办公软件,2.5909724007993247,抗压性,1.4867371762586832,个人近期作品,0.0,团队协作意识,0.0,审美力,0.0,脚本撰写,0.0
硬件工程师,数字电,230.73482796766038,模拟电路,214.6300235914984,模拟电路设计经验,133.51455693260021,数字滤波器,127.43705705701379,模电/数电基础,120.17341489536527,usb,116.44128348657105,产品需求收集,88.43641783790203,模电基础知识,84.17752649655483,原理图,70.47360328444714,电子电路原理,69.51637728203275
硬件测试工程师,应用物理学基础理论,58.95761189193473,模拟电路,54.48220052501931,数字滤波器,45.38786677957116,固体物理学,44.21820891895105,测试工具的使用,42.07429575924433,方法3,41.29463623817454,数字电,40.19943596061924,固体理论,39.30507459462316,pcb设计图,30.818751670784064,电子的基础知识,29.478805945967366
礼仪员/迎宾员/接待员,三观正,57.895312495456835,160cm,45.694340103880705,170cm,37.76809224138915,护士执业资格证,35.767419727802405,身材好,28.560529548062608,幽默风趣,16.633534177386455,服务意识足,5.528330183691635,化办公软件,5.181944801598649,语言表达,2.949017749040602,高度额责任心,0.6042712367888537
社交媒体运营/抖音运营/微信运营/知乎运营/小红书运营,小红书,61.275298993819916,文案功底,47.98065720066136,文字编辑,45.16706712344475,移动互联网行业,41.30659700925881,文字功底,37.53805615902691,文案写作,34.784739433917544,新媒体运营工作经验,32.75624929394661,文笔水平,29.47880594596734,策略思,29.47880594596734,账号运营,29.47880594596734
私域运营/社区运营/流量运营/媒介运营/渠道运营/区域运营,用户增长,21.87564856181412,运营的思路,21.045012428621934,沟通反馈意识,18.766310864032068,微信聊天礼仪,17.687283567580412,社交感,11.036418481605427,社区运营模式,9.826268648655786,正形象气质,8.193940392660826,客户沟通,4.855584981014929,团队协作意识,4.311696706692924,问题意识,3.428638899052175
科研顾问,科研潜力,54.70187594634374,自觉性高,21.235668342611906,道德品质,11.589567555843063,逻辑思考力,2.054707196131016,服务意识足,0.5528330183691633,高度额责任心,0.483416989431083,身心健康,0.0,抗压性,0.0,,,,
移动web前端,开发方法,22.426629947228164,动画编写,20.77733613455093,原生开发,17.76181547466265,形象好,16.611261475567222,ajax,12.885414247862325,桌面端,12.51770910448512,前端模块化开发,11.487920702333886,移动端软件,11.47456667911136,编码习惯,10.052561115986908,编码风格,10.004079248037407
移动产品经理,积极向上,9.379778387816168,axcure,9.104775641572902,沟通协作,5.675022498614481,自驱动力,2.4622058257864374,offic办公软件,1.7069650507962308,产品设计,1.4291148919766423,创新精神,0.0,,,,,,
空乘,普通话标准,3.7918948811991573,服务意识足,0.0,,,,,,,,,,,,,,,,
策略运营/战略运营,产品转化逻辑,29.478805945967352,目标驱动感,29.478805945967352,团队协同,15.558631250194745,信息搜索,11.054552229737757,主动沟通意识,8.253262798766327,数字化公司,7.369701486491838,持续学习,4.5532572667501165,智能制造,3.684850743245919,逻辑思考力,3.082060794196524,offic办公软件,2.560447576194346
编剧,专业的写作技巧,58.957611891934704,创作潜力,22.109104459475514,写作方法,13.663818091639083,想象力丰富而有趣,12.043972973673156,阅片量丰富,10.510222826087409,文字功底,4.0508693696791624,普通话标准,3.7918948811991573,想象力,2.9038180933237285,团队精神6,2.2081092250538235,逻辑思考力,2.054707196131016
编辑,学科功底,137.2748679787465,知识储备,52.72701459255665,热爱文字工作,49.13134324327892,资料检索,47.16608951354777,新闻敏感度,46.513430397283784,文字编辑,41.23949606923216,文案基础,38.852962526571844,文化流行趋势,32.34918807558647,文字功底,31.699660305584555,采访经验,29.478805945967352
网吧网管,客离打扫桌面地面卫生,29.47880594596735,,,,,,,,,,,,,,,,,,
网约车司机,c1证,20.85812891066631,服务意识足,0.0,,,,,,,,,,,,,,,,
置业顾问,三观正,37.757812497037065,工作激情,26.428955579840178,职业道德操守,21.251228578730085,社团管理,20.469478440449134,判断力,18.45759587635656,竞争意识,15.920221241108502,进取心,12.155244887157373,大客户管理,11.15109141265532,用于挑战自我,10.447766049411088,电子商务业务销售技巧,10.382772772476029
美体教练,沟综合素质,5.666637657735024,团队意识,3.4798286443271844,亲和؜力,1.4062067697264087,服务意识足,0.5528330183691633,活动组织,0.0,,,,,,,,,,
自动化工程师,强弱电基础,58.95761189193471,电机拖动原理,44.14596362761174,机械设计,43.01930446558337,梯形图,39.30507459462314,安全模块,35.929597611213545,微生物发酵产物分离纯化经验,29.478805945967355,分析基础,29.478805945967355,电气专业知识水平,29.478805945967355,机械构造原理,26.798914496333957,电气控制原理,26.53092535137062
英语翻译师,幻灯片,83.52328351357417,客户导向精神,50.1139701081445,认真踏实,33.40931340542967,英文六级考试,29.47880594596735,英双语,29.47880594596735,印度母语,29.47880594596735,英语八级,29.47880594596735,语言功底,22.10910445947551,阿拉伯语,19.20775739542258,笔译水平,18.326942638373506
茶艺师,茶艺冲泡,29.47880594596735,向往茶,28.93342289758132,冲泡方式,27.022238783803402,介绍茶水冲泡流程,24.565671621639456,饮茶知识,22.10910445947551,茶艺师资格证,19.652537297311568,三观正,7.551562499407413,客户礼仪,4.91313432432789,服务意识足,4.146247637768726,亲和؜力,3.5155169243160214
营养师/健康管理师,专业知识储备,29.47880594596734,商务谈判,23.453043910110324,礼貌待客,10.525658208633589,团结合作意识,5.208812984174102,挑战自我,4.211257992281052,电子商务业务销售技巧,4.153109108990412,销售知识,3.68385721584927,服务意识足,2.7641650918458174,沟通表达理,2.3270019741905807,offic办公软件,1.8288911258531042
行业研究员,合成产物分离,101.94753722980374,信息搜集,85.49675122835686,英文读写,75.71041765363265,法律专业知识,74.77644757123146,分析研究,71.53560611435928,行业研究,68.73892821613013,素养4,58.95761189193472,各种制剂设备原理,58.9576118919347,分子细胞生物实验基础,58.9576118919347,书面文字表达,47.166089513547774
行政专员/行政助理,沟通反馈意识,431.62514987273755,正形象气质,284.1248831155142,问题意识,126.85963926493035,接待礼仪,103.67752127148968,亲和؜力,101.80465233491692,高160cm,101.673934712885,个人习惯,100.36831548269838,团队协作意识,99.16902425393725,阳光开朗,88.43641783790207,化办公软件,85.51910066133246
西班牙语翻译师,西班牙语国家文化,88.43641783790208,西班牙文阅读,58.957611891934725,东西方文化,56.24984158844942,文化流行趋势,47.279582572011,网络媒体运营经验,35.45968692900825,灵活解决问题,23.685583436007498,笔译水平,21.38143307810242,口语流,17.19420059055309,网络文化,14.61813057566888,文化差,12.605756954514858
西餐厨师/西点师,心态开放,19.770082036101673,沟通协调3,14.739402972983676,头脑灵活,0.0,,,,,,,,,,,,,,
视频运营,短视频运营,45.20162641103515,想象力,43.55727139985593,声音剪辑处理,29.47880594596737,创作热情,29.47880594596737,抖音平台的运营模式,29.47880594596737,可转换资源,29.478805945967352,会看数据3,29.47880594596735,剪辑思维,29.47880594596735,视频产品,29.47880594596735,文案素材,27.034284750754498
计算机视觉CV算法工程师,图像分类,78.45021769494019,目标检测算法,56.96450274045736,caffe,43.03119780426501,代码开发风格,24.94360503120315,ncnn,22.73574379569645,软件工程思维,22.67600457382104,传统图像处理方法,22.3632956886012,这些技术在图像识,17.609382762397324,模式识,17.145893401007193,学习算法,11.661160241023078
计算机辅助药物设计,药物设计方法,29.478805945967334,分子对接,26.299792037666194,虚拟筛选,25.26754795368629,分子动力学,20.230609259743225,自由能,18.950660965264714,英语阅读,2.796254454757884,药物化学,2.105628996140523,linux操作命令4,2.080829856478556,书写流,1.467753303927105,python程序,0.0
证券经纪人,合规意识,10.623024765832298,业务学习,7.693888556848879,职业操,7.429831932959305,各类金融产品特性,6.491631182819704,工作主动性,5.827817930790352,创新业务5,4.211257992281053,组织协调力,3.22832389318146,证券从业资,3.228063081191284,负责客户开发,3.0678187166244975,沟通表达理,2.3270019741905807
调饮师,三维调色功底,22.1091044594755,三维动画制作,16.683192970424162,调色流程,7.3697014864918335,高度额责任心,0.6042712367888537,,,,,,,,,,,,
财务BP,敢挑战,27.478974306958893,基本财务会计知识,24.565671621639467,财务类分析测算模型,23.583044756773887,会计从业资格,19.652537297311575,会计初级证书,14.73940297298368,计划性,5.181402351198279,决策力,4.0638068854329354,责任性,3.3737437757051643,化办公软件,3.1955326276525007,组织协调力,2.582659114545168
财务BP管培生/财务分析管培生/财务管培生/财务审计管培生,公司财务分析,29.478805945967345,积极主动,22.268420433408828,1年以上工作经验,17.842580595663613,职业资格证书,17.496204300620207,会计理论知识,17.3100008409854,化办公软件,16.582223365115677,预算管理,14.739402972983672,人际交往,14.274702153478051,敏感性,11.26434671507266,财务软件,9.440482014464141
财务运营,持续的推动力,97.28005962169223,目标意识,50.8736901180391,维系客户粘度,29.478805945967345,英文网站,29.478805945967345,了解公司产品,23.480094963513427,对各项流程,14.739402972983672,文案写作功底,13.128933576147237,电子产品,12.297057732296214,vlog,12.282835810819728,事项进行总结输,9.826268648655782
质量管理员/质量测试员/质检员,工作规划,24.565671621639456,风险识,19.114287484110196,电脑操作即,8.140743150551268,总结分析,3.964518810391919,快速适应,3.959856300981827,问题解决,3.6812088700253045,高度额责任心,1.6113899647702767,办公室自动化,1.378291539489637,逻辑思考力,1.1985791977430924,执行力,0.6221367514817034
资产保全员/资产催收员,职业道德操守,35.924695930710385,互联网应用3,23.583044756773887,抗压性好5,20.582108776721768,普通话标准,9.10054771487798,工作责任心,8.566323160573264,电脑操作即,8.140743150551268,积极主动,5.680719498318577,口齿清晰,5.580837534061296,极富团队合作精神,1.0493442563829074,效沟通技巧,0.9797884753068137
资产管理员,价值观吻,41.78870490919965,券商业务,29.47880594596734,宏观经济,22.529787667733295,证券交易基础,20.655011973564655,思维敏捷,11.987027043756795,书面表达,5.28871199149546,团队意识,3.4798286443271844,word文档,3.124736857579866,语言表达,2.9490177490406024,逻辑思考力,2.4199884754431964
跨境电商运营/跨境产品运营/亚马逊运营/速卖通运营/阿里国际站运营,沟通2,44.47182465597031,详情页策,29.47880594596735,懂外贸知识,13.265462675685306,诚信敬业,10.857255688011183,运营经验,9.97176943234666,办公操作软件,8.842448335273634,正形象气质,8.193940392660826,结果导向思维,7.796299264323544,html5css,7.174248690178162,主动沟通意识,5.502175199177552
软件测试工程师,理论基础知识,212.80432475102523,软硬件测试流程,136.80516446341022,测试理论,115.33966684250305,测试方法,100.95921522421189,测试流程,97.09584445972318,设计方法,90.16162952482802,selenium,89.47202948469666,bug管理,81.06671635141022,linux系统,78.49631304390414,功能测试,74.59338356886754
运维工程师/运维开发工程师,linux操作命令4,43.527177270519616,计算机基本操作原理,41.27032832435427,网络基础架构,36.84850743245917,gin,36.66402990794375,ansible,34.11959253043538,自我发展,31.112143657634775,操作命令,24.119023046700548,sql语言编写,22.77907732188385,协助研发同事定位,22.109104459475503,代码习惯,21.99310986148031
配货员/理货员/拣货员/发货员,以上文化程度,17.90148372353859,进取心,4.420089049875409,,,,,,,,,,,,,,,,
采购总监/采购经理/采购主管/采购专员/采购助理/采购工程师,参与过项目采购,29.47880594596735,学社团,29.47880594596735,付款方式,25.79395520272143,语言文字表达,25.2675479536863,学会部经历,24.565671621639456,采购数据,23.58304475677388,交货日期,22.10910445947551,市场动向,18.424253716229593,英语4级,18.323038301284136,实习经验,13.12682986244668
金融产品经理,股票投,24.565671621639467,自控力,17.857562955090156,产品运作方式,17.281414452049372,自制力,16.667058758084146,项目计划,16.396811268680338,业务敏感度,15.102459715222862,数字方面,14.73940297298368,销售意识,14.236791916583176,国内外资本市场,12.013413960003122,商务交流,11.791522378386944
金融分析师,业务分析,61.25736668201978,商业洞察力,29.47880594596734,金融机构,18.42425371622959,文案功底,17.200612958727657,axcure,16.99558119760275,股票软件,16.28453816565995,评级行业,15.783492086638482,财务分析,11.13014444174847,研究分析,9.54498213770073,语言沟通,8.475737926259491
金融服务讲师/金融咨询顾问,国内期货,16.447286876101767,新鲜事务,14.467215126668261,口齿清晰,9.30139589010216,性格坚韧,8.833381742387171,资源拓展整合,7.784101529603676,快速适应,5.93978445147274,分析解决问题,5.072200985005451,团队意识,3.4798286443271844,思维敏捷,3.4248648696447987,普通话标准,3.4127053930792415
银行客户经理,普通话标准,22.751369287194944,积极上进,20.235982354170783,办公计算机操作,11.670704609105949,效沟通技巧,8.981394356979127,工作态度端正,6.810583041771995,进取心,4.420089049875409,沟通表达理,1.939168311825484,职业道德,1.7506568228766073,团队精神6,1.104054612526912,抗压性,1.0902739292563677
银行柜员,沟通表达理,4.6540039483811615,抗压性,3.270821787769103,服务意识足,1.1056660367383266,高度额责任心,0.966833978862166,极富团队合作精神,0.0,,,,,,,,,,
陈列员,三观正,38.51296874697781,170cm,37.76809224138915,160cm,27.873547463367228,时尚敏锐度,26.256629709426303,身材好,14.137462126290988,语言表达,3.538821298848724,沟通表达理,1.5513346494603872,逻辑思考力,1.027353598065508,高度额责任心,0.4028474911925692,团队意识,0.0
风控师,基金公司业务,29.478805945967355,办公室行政管理知识,15.842166829227006,逻辑条理,12.805081795876607,财务基础,12.55567565044641,出差2.原则性,9.826268648655786,电脑操作即,8.140743150551268,认知水平,7.990985839064475,网络知识,7.713099162153683,工作流程,6.706908190728395,英语口语,6.040623206205438
高铁乘警,17-30周岁,76.42315543092988,170cm,37.76809224138915,三观正,32.471718747451874,160cm,20.562453046746317,身材好,20.135173331384138,163cm,15.36632960484841,女160cm,13.645954969391124,沟综合素质,11.805495120281302,173cm,10.701437344846475,普通话标准,9.100547714877978
